feature,importance
Download,0.4843073890594293
Download_Upload_Ratio,0.10390703404733455
Upload,0.1033318059730145
Network_Score,0.10149753262296435
Ping,0.04980245262810924
Jitter,0.043734344918550515
Time_Slot,0.03292685469833761
Hour,0.02703704591677308
Ping_Jitter_Ratio,0.026003229221853805
Is_Morning,0.01375496520496333
Minute,0.006243461874044259
Is_Afternoon,0.005530551868121064
Is_Peak_Hour,0.001923331966504431
